-- phpMyAdmin SQL Dump
-- version 5.2.1
-- https://www.phpmyadmin.net/
--
-- Servidor: 127.0.0.1
-- Tiempo de generación: 13-06-2023 a las 02:32:28
-- Versión del servidor: 10.4.28-MariaDB
-- Versión de PHP: 8.2.4

SET SQL_MODE = "NO_AUTO_VALUE_ON_ZERO";
START TRANSACTION;
SET time_zone = "+00:00";


/*!40101 SET @OLD_CHARACTER_SET_CLIENT=@@CHARACTER_SET_CLIENT */;
/*!40101 SET @OLD_CHARACTER_SET_RESULTS=@@CHARACTER_SET_RESULTS */;
/*!40101 SET @OLD_COLLATION_CONNECTION=@@COLLATION_CONNECTION */;
/*!40101 SET NAMES utf8mb4 */;

--
-- Base de datos: `insert_coin`
--

-- --------------------------------------------------------

--
-- Estructura de tabla para la tabla `articulos`
--

CREATE TABLE `articulos` (
  `id` int(255) NOT NULL,
  `categoria_id` int(255) NOT NULL,
  `titulo` varchar(255) NOT NULL,
  `descripcion` text NOT NULL,
  `foto` varchar(255) DEFAULT NULL,
  `localizacion_id` int(255) DEFAULT NULL,
  `fecha` date NOT NULL,
  `autor` int(255) NOT NULL
) ENGINE=InnoDB DEFAULT CHARSET=utf8 COLLATE=utf8_spanish_ci;

--
-- Volcado de datos para la tabla `articulos`
--

INSERT INTO `articulos` (`id`, `categoria_id`, `titulo`, `descripcion`, `foto`, `localizacion_id`, `fecha`, `autor`) VALUES
(2, 5, 'Análisis de The Legend of Zelda: Tears of the Kingdom', '                        La secuela de Zelda: Breath of the Wild nos lleva de vuelta a Hyrule en un momento de máxima tensión por culpa del renacimiento del malvado Ganondorf, que ha desatado su furia sobre los habitantes de este mundo de fantasía. Con este punto de partida, The Legend of Zelda: Tears of the Kingdom para Nintendo Switch nos transporta a un escenario conocido y a la vez distinto, pues las tierras de Hyrule se han fracturado con decenas de islas en el cielo que podemos explorar libremente.\r\n\r\nRecorre con Link todas estas Islas Celestiales mientras descubres nuevos secretos en esta aventura de acción y mundo abierto que da todavía más importancia a la creatividad del jugador, pues la gran novedad de Zelda: Tears of the Kingdom es la Ultra Hand, un nuevo ítem con el que el héroe del Tiempo puede coger prácticamente cualquier objeto del entorno y combinarlo entre sí para mejorar sus armas o incluso crear vehículos.\r\n\r\nEn el nuevo juego de la saga Zelda puedes construir barcas con las que recorrer grandes extensiones de agua, o hasta crear un avión para surcar los cielos de Hyrule. Lo mismo ocurre con las armas, que puedes combinar con objetos tan dispares como un lanzallamas, flores de humo o hasta barriles explosivos para crear efectos tan devastadores como divertidos. Con todas estas herramientas Link debe salvar el mundo luchando contra los bokoblin y otras criaturas oscuras dirigidas por el gran villano de la serie Zelda.                                                                                                    ', 'zeldaTOTK.jpeg', 1, '2023-05-16', 2),
(3, 3, 'Análisis de Star Wars Jedi: Survivor', 'Cuando jugué a Star Wars Jedi: Fallen Order encontré un juego interesante, pero que necesitaba profundizar en su propia personalidad y no solo fijarse en lo que hacían otros. La obra de Respawn tenía cosas de Uncharted, de Prince of Persia, de esos momentos épicos de un God of War e incluso mecánicas del combate de Sekiro. El combate, de hecho, fue lo que más dividió a la comunidad. Así que la pregunta es clara: ¿Cómo ha evolucionado la fórmula Star Wars Jedi: Survivor? ¿Ha seguido mirando lo que hacen otros juegos o ha decidido poner algo de su propia cosecha? Y lo cierto es que las dos respuestas son correctas, porque si algo es Survivor es un juego ambicioso. A veces en el buen sentido, y a veces demasiado para su propio bien.\r\n\r\nSurvivor es un juego más grande, pero si quieres puede serlo dos o tres veces más. Quizá la mejor manera de definirlo es esta. Hay dentro de él una campaña que nos invita a viajar por varios planetas y lugares de la galaxia en un orden y escenarios grandes, pero más lineales. No necesitas desviarte en absoluto para jugar a este juego, pero, casi como sucediera con God of War Ragnarok, hay otro juego paralelo a poco que te desvíes del camino principal en dos de sus seis planetas o estaciones que visitaremos: Koboh y Jheda. Koboh en especial es prácticamente un mundo abierto en el que puedes perderte tanto como quieras, en una estructura algo parecida a la de The Legend of Zelda: Breath of the Wild.\r\n\r\nEstos nombres y comparaciones no son casualidad. Fallen Order tenía sus juegos en los que se fijaba y Survivor los suyos propios, y lo cierto es que me parecen más interesantes, quizá porque sean más nuevos. Prestar atención a lo que hizo Zelda, por ejemplo, le hace dejar de seguir otras modas que se estaban repitiendo demasiado en el medio, como puntos guía y brújulas que aquí desaparecen a no ser que te vayas al mapa o marques los tuyos propios. Esto también se nota en el sistema de progresión, que puede parecerte extraño al principio, porque se desembaraza de sistemas de niveles y puntos de experiencia. Survivor quiere que aprendas a jugar e ir dándote puntos de habilidades que invertir en mejoras del sable láser, poderes de la fuerza y otros beneficios. Pero si quieres igualarte algo más con el entorno y los enemigos, te toca explorar en busca de otras mejoras escondidas en su mundo.\r\n\r\nComo decía al principio, creo que Fallen Order tenía algunos claroscuros, y Survivor también los tiene. Algunos los he sufrido sobre todo al principio de la obra, aunque en su segunda mitad se redime de algunos de ellos. La historia es un buen ejemplo. Es una historia anodina, que empieza sin una motivación clara. Nuestro héroe, Cal Kestis, ya ha lidiado con su pérdida y se nota que el juego hace estragos por darle una nueva motivación. La que encuentra, una especie de refugio contra el Imperio, es banal y funciona más como un macguffin (algo que no tiene mucha importancia pero mantiene a los personajes en movimiento) en toda regla. Llega hasta tal punto que algunos de los problemas que presenta el juego son provocados por el propio Kestis en un claro ejemplo de \"si no sabes, para qué tocas\". Curiosamente, el último tercio del juego hace un buen trabajo; porque sí, esto es Star Wars, un mundo fascinante e imaginativo, pero son los personajes y los conflictos humanos los que más aportan a la narración.                                                            ', 'starWarsJedi.jpeg', 4, '2023-05-11', 6),
(4, 3, 'Análisis de Hogwarts Legacy', 'Hay juegos con los que millones de personas llevan años y años soñando. Y seguramente uno en el que te llegue la carta de Hogwarts y puedas perderte por el castillo, ser seleccionado para una de las cuatro casas, aprender hechizos y volar en escoba, está en el top personal de mucha gente. Hogwarts Legacynos prometió justo eso en 2020 y, tres años después, ya lo hemos podido jugar.\r\n\r\nJuegos de Harry Potter hemos tenido una barbaridad. Cada una de las películas ha recibido adaptaciones al videojuego, consiguiendo alguna de ellas variantes de la misma trama para varias consolas tan dispares como PlayStation 1, GameBoy Advance o PC. De hecho, eso es lo que sucedía con La Piedra Filosofal; e incluso se probaban distintos géneros, como el RPG por turnos en El Prisionero de Azkaban para Game Boy Advance.\r\n\r\nSin embargo, casi ninguno de ellos llegaba a conseguir lo que todos los fans del mago de las gafas buscábamos. Para vivir la historia de Harry teníamos los libros y las películas, y algunos juegos que en su mayoría no acababan de conseguir lo que buscábamos. Lo que de verdad queríamos era perdernos por el mundo mágico en el que vive, ir a clases y visitar Hogsmeade el fin de semana para comprar un caldero nuevo.\r\n\r\nY eso lo entendió a la perfección Hogwarts Legacy. Su reciente tráiler de lanzamiento es toda una declaración de intenciones: una lechuza busca al protagonista del juego (que no dejamos de ser los propios usuarios a los mandos), para entregarle la carta que le acepta como alumno de Hogwarts.                                                            ', 'howarts.jpg', 4, '2023-05-01', 2),
(19, 3, 'Análisis de Dead Island 2', '                        Las pantallas de carga de Dead Island 2 muestran a uno de sus zombis estático sobre fondo negro, con un arma impactando en las diversas partes de su cuerpo, salpicando sangre y vísceras. Como hiciera Skyrim, puedes rotar y ampliar la imagen a tu gusto para admirar el grotesco resultado. No me extraña que Dambuster haya escogido este momento, ya que es el más representativo de lo que te espera en su producción: Dead Island 2 es machacar zombis de mil formas distintas y ver el resultado. Una oda al despiece que se representa hasta el más mínimo detalle, desde las extremidades desgarradas, vísceras saliéndose de su sitio y mandíbulas completamente rotas y desencajadas que caen sin piel del cráneo del huésped.           \r\n\r\nHay que ponerse así de específicos porque el juego es lo que busca, pero, aunque todo esto suene bastante descerebrado, lo cierto es que Dead Island 2 es un juego inteligente. Se ha creado una infernal Los Ángeles a base de buenas decisiones que logran que sea tan divertido, que no quieras evacuarla por mucho que ese sea tu objetivo. La que me ha parecido más interesante de todas es la negación del mundo abierto en pos de áreas grandes que se conectan con cargas. Sí, todos los términos de los que la nueva generación huye como si le persiguiera un infectado están aquí presentes y juegan a su favor.\r\n\r\nCreo que Dead Island 2 gana ritmo con esto. En vez de darte decenas de kilómetros cuadrados, concentra sus fuerzas en muchos menos y más detallados. Pasa del ciclo día y noche también para poder crear una iluminación única, pero que potencia el realismo que consigue visualmente. Eso significa que cuando recorras el barrio de Bel-Air, por ejemplo, o el de Beverly Hills, lo harás solo en un puñado de mansiones y calles que las conectan, pero es que en Dead Island 2 el diablo (o el apocalipsis zombi) está en los detalles. Te gustará más recorrer palmo a palmo cada una de estas lujosas casas descubriendo sus secretos y sus vidas pasadas que tener un espacio más grande y genérico.\r\n\r\nPorque lo cierto es que es difícil contar una historia zombi, y Dead Island 2 no es una excepción. Pero, ante este escollo, creo que demuestra una nueva dosis de inteligencia al centrar buena parte de su desarrollo en mostrar el alma de la ciudad angelina; es decir, el de habitantes que probablemente perdieron la cabeza antes incluso de que llegaran los monstruos. Personajes locos por la fama, por la carencia de ella o por un estilo de vida hedonista, que son los clichés más claros. Lo que vi en su preview se repite a lo largo de todos los escenarios del juego: las misiones secundarias son una gran excusa para volver sobre nuestros pasos (o llevarlos a nuevas direcciones) y usar la sátira para representar la excentricidad de los actores, estrellas del rock o influencers, por ejemplo, que nos encontraremos en nuestro camino.\r\n\r\nTiene un espíritu similar a GTA V, pero en el que el terreno más comprimido le permite jugar más con la narrativa ambiental, porque Dead Island 2 sabe huir del escenario genérico y ambienta cada nuevo lugar para que cuente su propia historia. No pude evitar sonreír al ver un sujetador que al principio parecía que estaba volando, para luego darme cuenta que estaba enganchado en un ventilador de techo. Hay una pizarra donde una influencer lee las disculpas “de todo corazón y sin guion” por haberse burlado de la evacuación. Si miras a cada rincón, verás el mimo que ha puesto Dambuster en su juego.\r\n\r\n                                                                                ', 'deadIsland2.jpeg', 4, '2023-05-19', 6),
(20, 5, 'Análisis de Advance Wars 1+2 Re-Boot Camp', 'Ya os expresé mis dudas hace pocos días sobre la calidad de este remake. Cuando pasan más de 20 años desde un lanzamiento, hay que considerar cómo cambia la industria de los videojuegos, incluyendo sus usuarios. Lo que funcionó en Game Boy Advance no tiene por qué hacerlo en Nintendo Switch, y por ello hay que hacer un esfuerzo por adaptar, en este caso, una licencia de renombre para que vuelva a tener éxito. Para mí, un buen trabajo de remake consiste en traer de vuelta los valores originales de Advance Wars, pero realizando los ajustes necesarios para llegar al máximo número de usuarios.\r\n\r\nSin embargo, lo que veo en Advance Wars 1+2 Re-Boot Camp es mucho conservadurismo, casi demasiado. Probablemente, los más puristas estén encantados, porque hay una elevada dificultad, e incluso en su grado de desafío más asequible se pone cuesta arriba a las pocas misiones. Por desgracia, esto no viene acompañado de muchas opciones para que los nuevos usuarios (o los menos habilidosos) tengan la oportunidad de avanzar por la campaña sin un alto riesgo a frustrarse. Es un videojuego de táctica por turnos excelente, pura esencia Intelligent Systems, pero sin piedad alguna con aquellos que quieran descubrirlo actualmente.\r\n\r\nMetiéndonos en lo que ofrece Advance Wars 1+2 Re-Boot Camp, ya sabrás que no es poco. En realidad, hablamos del remake de dos de los mejores videojuegos de la serie, ambos lanzados en la portátil GBA en los años 2001 y 2003. Como curiosidad, ambos títulos ya fueron recopilados por aquel entonces, y por razones muy obvias: eran extraordinariamente similares entre sí, la jugabilidad resultaba prácticamente idéntica, los gráficos apenas variaban en un par de diseños y además estaban conectados en el plano argumental (Advance Wars 2: Black Hole Rising funcionó como una secuela directa).\r\n\r\nPor tanto, tiene todo el sentido del mundo que ahora se haya repetido la misma jugada, recopilando ambas entregas. En total, son más de 40 horas de juego con una calidad estratégico-táctica fuera de toda duda. A pesar de los años, la IA sigue sorprendiendo, lo cual es toda una proeza, y es evidente que existe mucha complejidad a la hora de plantear cómo reaccionan las numerosas unidades a los distintos terrenos y situaciones que se plantean. A este respecto, me ha sorprendido la extraordinaria variedad de las campañas bélicas, con planteamientos que se nota que desprenden imaginación.\r\n\r\nHay misiones más apoyadas en la captura de edificios para lograr que tus arcas se llenen y puedas fabricar más unidades terrestres. Hay otras centradas en el dominio de las aguas o del espacio aéreo, con cruceros, submarinos, helicópteros y cazas como protagonistas. Tienes incluso algunas que te plantean un límite de turnos para alcanzar la base enemiga y ocuparla. De verdad, me ha parecido una maravilla, y esto habla muy bien de lo bien diseñados que estaban estos videojuegos (y también lo poco que necesitaban para seguir siendo interesantes en la actualidad).\r\n\r\nEsto viene acompañado de factores como que las unidades de infantería tengan ventaja si se encuentran en montañas, o que puedan camuflarse en bosques. También que puedas usar vehículos de reconocimiento para sortear la niebla de guerra, o que tengas la oportunidad de transportar por aire a tus tropas para alcanzar zonas separadas por el mar. Esto entre un sinfín de posibilidades que se van explicando misión a misión, con una introducción paulatina -pero nada agobiante- de las abundantes características de estos juegos de estrategia y táctica.\r\n\r\nAdemás, una de las claves más significativas de Advance Wars es que incluía poderes especiales. Sí, como lo escuchas. A menudo se te da la posibilidad de escoger entre varios generales (conocidos como OJ: Oficial Jefe en el juego), que tienen una barra de poder capaz de asestar duros golpes en el momento preciso. Uno es experto en reparación de unidades, otro en fuerza bruta con maquinaria pesada… y luego hay una que está especializada en el avance de unidades de infantería. El aprovechamiento de sus superpoderes -en el turno preciso- puede decantar la contienda de uno u otro lado. Es importantísimo.\r\n\r\nPor eso es un juego con una jugabilidad tan redonda: las misiones son variadas y divertidas, el número de unidades a descubrir es elevado, las posibilidades estratégicas resultan inmensas, la complejidad táctica es por tanto elevada y además incorpora elementos arcade (como los poderes) que otorgan más identidad al conjunto. Pero hay un aspecto que no me convence: el equilibrio en la dificultad, la cual no se ha logrado balancear de tal forma que resulte satisfactorio avanzar de misión en misión.\r\n\r\nExisten algunas ayudas, como reducir la dificultad (de la clásica a la relajada) o también la opción de repetir un turno entero (por si nos arrepentimos de algún movimiento). No obstante, es un juego muy exigente, con una precisión en movimientos similar al ajedrez, en que ni siquiera existe el alivio de subir de nivel a tus unidades, como en Fire Emblem. Esto es un juego de táctica muy puro, en que debes estar continuamente valorando el campo de acción de tus unidades y del enemigo. Tanto es así, que notarás cuándo existe un punto de no retorno (de jaque mate) en que más vale sacar la bandera de rendición antes de ser aplastado.\r\n\r\nA este respecto, considero que Way Forward, la autora de este remake, debería haber realizado algunos ajustes para lograr un avance más suave, con una curva de dificultad más llevadera. No digo en ningún caso que se quite el desafío a los veteranos del género, pero sí que se facilite el acceso a nuevos jugadores. Después de todo, si lo que se quiere es que este juego tenga una nueva entrega, debería convencer a los jugadores más jóvenes o que menos conozcan esta franquicia. Creo que sabéis lo que os quiero decir, porque Nintendo suele aprovechar estos lanzamientos para sopesar el interés por una licencia.\r\n\r\nLo mismo digo por la parte musical, que personalmente me ha decepcionado. Son pocos temas y se repiten demasiado. Esto funcionó hace dos décadas, pero ahora requería de un esfuerzo adicional con más pistas musicales. Por otro lado, el juego llega traducido completamente al español, incluyendo voces, así que por esa parte nada que objetar. Tampoco por el lado de incorporar la posibilidad de crear tus propios mapas, con una herramienta muy facil de manejar y con un millón de posibilidades, ya que puedes modificar el terreno con total libertad (tamaño y tipología), además de situar todas las unidades disponibles en los juegos.\r\n\r\nIgualmente, se incluye una tienda en que invertir los puntos obtenidos en cada contienda (dependiendo de tu eficacia), algo que sirve para desbloquear ilustraciones, pistas musicales y mapas para la Sala de Batalla, una alternativa para practicar contra la CPU. Asimismo, hay combates online de uno contra uno, siendo necesario que ambos usuarios dispongan de una copia del juego. También existe la opción de combates locales para hasta 4 jugadores, y lo bueno es que aunque se pueden usar varias consolas, existe la posibilidad de jugar en una sola máquina. Eso está muy bien.\r\n\r\nNo obstante, y a pesar de las buenas intenciones, me he quedado con la sensación de que se podría haber hecho mejor… y de que Nintendo debería haberse volcado más en el trabajo de supervisión. Me falta su toque en este lanzamiento, porque el tema de la accesibilidad siempre ha sido una clave de sus juegos. Aquí me falta ese importante ingrediente de su filosofía, y por ello no puedo recomendártelo, de no ser que seas un feroz seguidor de la saga Advance Wars y esperabas esto con mucha ilusión.                           ', 'advanceWars.jpeg', 5, '2023-05-19', 6),
(21, 3, 'Análisis Resident Evil 4 Remake', 'Jugando a este, lo digo ya por adelantado, impresionante remake de Resident Evil 4, me preguntaba cuál era la esencia de esta mítica entrega. En la época, todo el mundo destacaba la perspectiva de la cámara. El gran shooter en tercera persona que lo cambió todo. Pero ahora que eso no es novedad, ¿es que acaso el resto no era igual de relevante? Jugando en múltiples ocasiones al clásico de Capcom ya sabía que eso no era todo, pero viendo cómo han tratado cada momento en este remake, me queda claro que en Resident Evil 4 se alinearon los astros para ofrecernos no solo una nueva forma de disparar, sino un juego en que la ambientación, la gestión, la sensación de disparo, las situaciones y emboscadas... Todo, en definitiva, era importante.\r\n\r\nY lo comento porque el trabajo de este remake ha sido potenciar, modernizar e intensificar esas situaciones. Pongamos el ejemplo que ya se ha visto en la demo con la llegada al pueblo, donde el asedio del ganado deja las cosas claras desde el principio del juego. En el que los desarrolladores parece que dicen al jugador \"vamos a subir la intensidad (y la dificultad) porque necesitamos que entiendas que esto es un juego de no dejar de moverte, de comprender el espacio y de gestionar tus recursos. Tan recordada esta escena que veíamos algo similar en Resident Evil Village. Pues bien, la tarea de este remake ha sido la de llevar esa sensación al resto del juego. Hay muchos más momentos que te pondrán realmente de los nervios, en los que cada decisión correcta, incluso instintiva, es recompensada; mientras que las malas se pagan caro, bien con tu vida o, casi peor, con el derroche de recursos. ¿Por qué peor? Bueno, si te matan tienes una oportunidad de hacerlo mejor. Si sobrevives, arrastrarás esos pocos recursos al siguiente enfrentamiento.\r\n\r\nComo decía, el trabajo de este remake ha sido perfilar y refinar. A primera vista, parece el menos distintos de los últimos remakes de la franquicia (sin contar el primer juego), porque la perspectiva se comparte. Poco a poco, empiezas a darte cuenta de que a Capcom lo que más le importaba no era mantenerse fiel o ser radicalmente distinto, sino tomar buenas decisiones sobre qué hay que retocar y qué cambiar por completo. No me ando con medias tintas: hay decisiones drásticas. También polémicas.\r\n\r\nVeréis, hay momentos muy parecidos en Resident Evil 4 Remake. La escena del pueblo es un buen ejemplo de ello. Funcionaba, así que los cambios son menores. Luego hay otras que cambian por completo, como lo que veréis a continuación en la granja. Es lógico, mirando al original. Ese escenario no era tan intenso y aquí se modifica con una arena mejorada y el añadido de un enemigo como el toro que ayuda a no ir despachando al ganado poco a poco, sin moverte. Repito: Capcom quiere que te muevas. Que te pongas nervioso.\r\n\r\nLuego hay otras zonas radicalmente distintas que juegan con tus recuerdos, porque el escenario es similar, pero su diseño del nivel no tiene nada que ver. En líneas generales, estoy muy de acuerdo con estos añadidos, no sólo porque permiten disfrutar de zonas totalmente nuevas, sino porque la adaptación de las originales no salían tan beneficiadas. Y la polémica viene por otras cuantas escenas que sí me parecían memorables en el original (incluido algún que otro jefe final) que no están en el juego y se echan un poco de menos. Es extraño, porque el título no se resiente por haberlas eliminado. Solo te afecta a ti, que las conoces y las recuerdas, porque os aseguro que en el cómputo general, pese a que se añoran, este remake me ha parecido de los mejores que se han hecho y ha superado ampliamente mis expectativas.\r\n\r\nPero como hay que ser justos y mucha gente tenemos grabado a fuego la obra de 2005, hay que mencionarlo. Y aunque no quiero especificar qué partes están incluidas y cuáles no, sí creo que es lícito decir que no, no hay Separate Ways en este juego. Al menos, hasta donde he podido ver yo, nada apunta a que se desbloquee una nueva campaña con Ada Wong. Sí he visto ese nuevo modo Nueva Partida+, que te permitirá llevar tu equipo mejorado a una nueva campaña, pero ni rastro de la espía. Lo cual me hace especular sobre si todos esos momentos que no he visto pertenecientes a la obra original (y ese jefe) se han reservado para un futuro DLC con Wong. De ser así, los planes de Capcom pasarían por expandir Separate Ways y convertirlo en algo más que un modo alternativo, para crear una campaña más única.\r\n\r\nTodo es igual, pero todo es distinto.\r\n\r\nNo logro imaginarme cómo debe ser acercarse a este remake por primera vez, sin conocer la obra de 2005. Supongo que igual de impactante que nosotros lo vivimos hace casi veinte años. Pero si conoces el juego, no todo va a ser repetir la misma experiencia. Resident Evil 4 difiere más de lo que, por ejemplo, ha hecho (y muy bien también) el remake de Dead Space. No solo por los cambios drásticos de algunos escenarios y zonas grandes, sino por la forma de controlar a Leon, las habilidades nuevas que incorpora e incluso la forma de disparar.\r\n\r\nTe animo a fijarte en cada nueva decisión y preguntarte cómo afecta a la experiencia. Por ejemplo, la mítica mirilla láser viene cambiada por defecto por la retícula moderna de los últimos Resident Evil. Una que tiene menos precisión, incluso menos sensación de impacto, pero que ayuda a poner nervioso al jugador al poder variar mucho más la certera puntería del original. Aun así, puedes conseguir el láser, pero hay que pagar un precio y también está fijada a la pistola por defecto y la Punisher, exclusivamente. Esto ha hecho, por ejemplo, que me desentienda de mi querida Red9 por mucha culata que le puedas añadir para apostar por la penetración de la Punisher y la precisión del láser.            \r\n\r\nY si este tipo de cosas cambian mucho tu estilo, lo que ha hecho Capcom con el cuchillo es tan vital que en los modos altos de dificultad tu supervivencia depende directamente de él. El cuchillo tiene durabilidad, y te conviene repararlo, mejorarlo y encontrar otros de sustitución para ahorrar munición y defenderte constantemente. El cuchillo ataca y ahorra balas, pero también sirve para el sigilo y te salva de situaciones en las que perderían una buena porción de vida. Y luego está el parry. Capcom ha metido un parry al cuchillo y hay momentos tan buenos con él que creerás que estás jugando a Sekiro. Gracias a él puedes evitar los ataques de los enemigos, pero si lo haces en el momento preciso también puedes aturdirlos y dejarlos a tu merced. Ah, y no os preocupéis por el sigilo. Solo sirve para contadas ocasiones y nunca rompe la dinámica de acción del juego.\r\n\r\nSi todo esto influye en la nueva forma de luchar contra el ganado, la gestión del inventario es otro factor que se ha cuidado al extremo. Contaba en Wo Long que el paso por el inventario me suponía un tedio; aquí he pasado horas con el buhonero y siempre ha sido una gozada moverse por los menús. Tanto por el maletín, que vuelve a condicionar tu equipo, hasta las duras decisiones de mejora y reparación que he tenido que hacer toda la partida. Apostar por un arma vendiendo sin mirar atrás la que sustituye, esperando haber tomado una buena decisión. El juego con las gemas, esas piedras preciosas que había que incrustar en tesoros para aumentar su precio de venta, es ahora mucho más profundo e incluye un código de colores para entender cómo multiplicar eficazmente el valor de tus objetos. Consejo: la paciencia es tu mejor consejera. Y luego están los amuletos: unas pequeñas figuras que se añaden al maletín y te permiten conseguir bonificaciones. No puedo hablaros de cómo se consiguen, pero digamos que el método es a la vez satisfactorio y también aleatorio. Por tanto, no son un factor muy determinante en tu partida.\r\n\r\nTengo que confesar que nunca me interesó mucho la historia de Resident Evil 4. Ni con la motivación de ser un juego ambientado en España veía en él algo que seguir con interés. La base de su historia es algo que hemos visto muchas veces, que no se tomaba muy en serio, con personajes desaprovechados como Luis Sera o un Leon que pasó de novato en Raccoon City a un chuleras en esta cuarta entrega. Sin embargo, con este remake Capcom ha hecho lo que ya hizo en los anteriores: perfilar un poco mejor la historia, darle un poco más de coherencia y arreglar ciertos desaguisados. Puedo confirmar que Luis Sera, ahora llamado (no sé por qué) Luis Serra, se ha redimido y sus apariciones son mejores. Lo mismo se puede decir de Ashley Graham, que tanto como personaje y su dinámica con Leon es más natural y con menos frases tópicas, y en lo jugable su comportamiento en el combate es muy bueno. Seguirás teniendo que cuidar de ella, pero no molesta en la refriega.\r\n\r\nLa IA en general funciona correctamente. El ganado, los fanáticos... se mueven perfectamente por estos escenarios tratando de agarrarte de mil maneras posibles y no suelen perdonar los fallos. Eso sí, en algunos momentos he detectado fallos, sobre todo en algunas puertas donde el juego interpreta un cambio de escenario y, si no las cruzas, los enemigos no se enteran de tu presencia. Esto provoca que puedas dispararlos desde fuera de modo seguro, pero por suerte han sido contadas las ocasiones en las que me ha ocurrido.\r\n\r\n¿Y qué hay de los jefes finales? Lo mismo que con los escenarios: los que funcionaban bien se han mantenido con una dinámica parecida a la original, pero con los que no lo hacían Capcom no ha tenido problema en ajustar el combate o incluso cambiarlo radicalmente si es necesario. Te llevarás una grata sorpresa con alguno de ellos, en especial con dos, pero también creo que hay otros que se mantienen demasiado fieles y cuya dinámica no es tan divertida.\r\n\r\nSi habéis visto algo de gameplay, probablemente os haya llamado la atención esos carteles azules que conforman misiones secundarias que antes no existían en el juego. Es extraño esto, porque son las misiones secundarias más simplonas que te hayas encontrado en un videojuego y, a la vez, es probable que las hagas todas. En primer lugar, porque todo lo que añada más enfrentamientos en este juego es de agradecer; en segundo, porque las recompensas son muy, muy buenas. Capcom ha transformado por completo las espinelas en una nueva moneda de cambios para conseguir objetos exclusivos como el mapa de tesoros, armas, objetos, joyas, etc.\r\n\r\nEsto añade una nueva capa estratégica para saber qué comprar y qué no, cuándo ahorrar y cuándo gastar; pero también sirve para recorrer de nuevo algunas zonas y sacar de ellas el máximo partido. Zonas como el lago, por ejemplo, ahora cobran una nueva dimensión, y se abren para convertirse en una especie de pequeño mundo abierto hasta encontrar todos sus tesoros.\r\n\r\nPensándolo bien, creo que esto ha alterado la duración de Resident Evil 4. El juego me ha durado algo más de 20 horas (soy un jugador muy lento en RE4 porque me gusta repasar bien las zonas) y con el contador de Capcom; y es que este es el Resident Evil más largo de la saga. Es más o menos lo que me dura una partida al original cuando lo tengo algo olvidado, pero parte de ese tiempo lo he dedicado al backtracking para repasar zonas visitadas y cumplir las misiones originales, mientras que el de 2005 es siempre lineal y con situaciones distintas. Aquí quizá es donde se nota ese recorte de algunos momentos que ya no están incluidos en el remake.\r\n\r\nTambién influirá en esto la dificultad. Resident Evil 4 Remake avisa nada más empezar que la dificultad Estándar es para quienes no han jugado la obra original, mientras que Hardcore es para los que sí. Yo creo que esta forma de describir estas dos dificultades es un tanto aventurada, porque el modo Hardcore es... bueno, algo más hardcore. Solo tienes que echar un vistazo al asedio del pueblo para atestiguarlo. Los enemigos no perdonan ningún agarre y son mucho más resistentes, mientras que pegan duro también y algunos objetos cuestan el doble.\r\n\r\nEsto genera una partida increíblemente tensa, tanto que esos momentos como el pueblo o la cabaña se dan en múltiples ocasiones de formas igual de complejas y en las que la clave es no dejar de moverte y dominar muy bien la gestión de recursos y el cuchillo (algo que de primeras no conoces). Si es el tipo de experiencia que buscas, adelante con el modo Hardcore, pero aunque hayas jugado a Resident Evil 4 de 2005, no tengas problemas en empezar con Estándar si no te ves con ganas de un desafío en el que, en algunos momentos es equilibrado, pero en otros los picos de dificultad son altos y requiere destreza, gestión y sangre fría a la hora de moverte por el escenario. Para una vuelta más exigente siempre tendrás tiempo, ya que el modo Profesional es muy implacable y te invita a jugar sin checkpoints y en condiciones más duras.\r\n\r\nUna de las grandes facetas de Resident Evil 4 fue siempre su ambientación, capaz de infundir tensión en cada enfrentamiento sin tener que recurrir a la oscuridad. Aquí Capcom se ha permitido, sin embargo, jugar más con la variedad lumínica y algunas escenas cambian, pero siempre para bien. Comenzamos el juego de noche, por ejemplo, pero la llegada y gran parte de las situaciones del pueblo siguen siendo de día. De nuevo la cosa cambia a un escenario nocturno, lluvioso e incluso tormentoso. Todos los efectos climatológicos y de viento están muy cuidados, pero también se mantiene sólido cuando estamos en interiores. Lo que el estudio japonés está consiguiendo con su sistema de iluminación y texturas sigue siendo fabuloso incluso para un juego que comparte generaciones. Algo tienen esas texturas que sí, cuando las ves de cerca pueden perder detalle, pero a su justa distancia crean un efecto fotorrealista muy logrado.\r\n\r\nAdemás, Resident Evil 4 Remake es uno de los juegos en los que más parámetros configurables me he encontrado en consolas. Jugando en una PlayStation 5, puedes no solo cambiar entre modo resolución y rendimiento, sino que el trazado de rayos es una opción que se activa o desactiva a voluntad, en vez de ser su propio modo. Otros efectos, como el pelo mejorado de Leon (que no me ha gustado mucho), la profundidad de campo o la aberración cromática, también son opcionales; y todos ellos cuestan o ahorran fps al juego. Hasta tal punto que, si ya vamos a tener juegos de consola así de personalizables, creo que necesitamos un contador de frames directamente. Lo que sí recomiendo es que, si no os interesa el trazado de rayos, sigáis apostando por el modo de Priorizar Resolución en las consolas de nueva generación. Ganaréis resolución y los fps se resentirán muy, muy poco, mientras que si elegís Priorizar el Rendimiento, serán 60 fps sólidos como una roca, pero con una calidad de imagen algo más borrosa.\r\n\r\nEl juego es tan personalizado que no solo tenemos (como debe ser) un selector de voces. Sí, ahora incluso en la versión original el ganado habla con acento español. Después de tantos años en que la crítica se convirtió en meme, ahora casi echamos de menos ese \"español neutro\". Pero incluso tiene detalles como aumentar el sonido de impacto de los disparos, que os aconsejo encarecidamente. Este juego con unos buenos auriculares gana enteros en la contundencia de las armas y la forma de localizar las amenazas enemigas en 360 grados. No hay nada como escuchar esa motosierra detrás de ti (imbécil).\r\n\r\nY si la ambientación del juego está cuidada, las cinemáticas no se quedan atrás. Capcom vuelve a hacer un buen trabajo con momentos de hecho que recuerdan al gran trabajo de animación facial de Devil May Cry 5, y también de Resident Evil Village, aunque tenía menos momentos para lucirse.\r\n\r\nHacía un tiempo que no escribía un análisis tan largo y termino con la sensación de dejarme muchas cosas, porque Resident Evil 4 es un juego de detalles. Pero quedaos con esto: he estado completamente obsesionado con él hasta terminarlo y, casi en contra de mi voluntad, como dominado por Las Plagas, he vuelto a empezar nada más acabarlo porque simplemente no puedo dejar de jugar. De hecho, que sea un juego que me marcase tanto como jugador debería ir en su contra, por las expectativas y la comparación, pero he salido de él con la sensación de haber jugado algo único. Es endiabladamente divertido y satisfactorio. Tenso, pero honesto. Y probablemente uno de los mejores remakes que he jugado nunca.             ', 'resident.jpeg', 5, '2023-05-19', 6),
(22, 2, 'Análisis de Need for Speed Unbound', 'Need for Speed ha vuelto… ¡y no en forma de chapa! Con Unbound, la entrega más reciente de la franquicia de carreras deportivas estrella de Electronic Arts, la compañía demuestra que el reinicio de la serie fue un punto de inflexión con el que aprendieron a sacar el máximo partido a una marca histórica. Y, después de una campaña exprés en la que anunció, promocionó y lanzó el título en poco más de dos meses, el veredicto (referencias a Los Simpson aparte) es claro: Unbound es una de las mejores entregas recientes de la franquicia.\r\n\r\n De la mano de Criterion Games, los padres Hot Pursuit y Most Wanted, Need for Speed aterriza en Lakeshore City, una ciudad inspirada en Chicago. En ella, los jugadores podrán disfrutar de los más de 140 coches presentes en el juego, muchos de ellos relacionados con marcas tan reconocidas como Porsche, Ferrari o Lamborghini. Así, después de casi una década alejada de la serie, ya que su última experiencia con la misma fue el co-desarrollo de Rivals junto a Ghost Games, el equipo de Criterion vuelve con una experiencia exclusiva de nueva generación capaz de exprimir al máximo la diversión y la emoción de las carreras callejeras.\r\n\r\nLos amantes de las grandes historias, los giros de guion y los personajes con segundas lecturas y tramas profundas no encontrarán en Need for Speed: Unbound ese “algo” que buscan en según qué propuestas. Sin embargo, es importante recalcar que el título de Criterion Games no pretende ofrecer una campaña grandilocuente que deje sin aliento a cada instante. De hecho, su existencia es una excusa para disfrutar de la variedad de coches, la velocidad y las carreras callejeras, los verdaderos pilares sobre los que se apoya Unbound.\r\n\r\nAsí, la historia gira en torno a elementos tan cruciales en los mundos callejeros como la traición y la lealtad. Después de restaurar una “tartana” y de comenzar a hacerte un nombre en los bajos fondos de Lakeshore City, todo da un giro de 180º cuando la situación comienza a tomar un rumbo inesperado. Por ello, igual que sucede en otras experiencias similares, lo interesante comienza con ese arco de redención en el que debes volver a escalar hasta la cima. Y aquí, para ganar respeto y repercusión en un mundo lleno de amenazas, lo más importante es ser el más rápido.\r\n\r\nNeed for Speed: Unbound me cautivó desde el primer momento por lo divertido y desafiante que resulta ser. En lo que respecta al primer apartado, las carreras, las contrarreloj disfrazadas como entregas de coches y las pruebas de habilidad son la salsa de un plato que deja un agradable sabor de boca; por su parte, en lo referente al segundo, aunque se puede modular la dificultad y elegir entre las tres disponibles, lo interesante del título es aprender a exprimir sus mecánicas para sacarle el máximo partido a la conducción de cada vehículo.\r\n\r\nDe esta forma, algo tan esencial en propuestas de este corte como “cómo tomar una curva” puede ser diferencial si tienes entre manos un BMW M3 o un Lamborghini Aventador S. Ya sea atacando el vértice, derrapando al límite o disminuyendo la velocidad para apostar por una conducción menos abrupta, las opciones a la hora de afrontar cada carrera y reto varían según el coche que hayamos seleccionado. Y a eso, además, hay que sumarle variantes como el nitro o los choques constantes contra otros pilotos o elementos del escenario.\r\n\r\nMas, sin duda, el aspecto que más me ha gustado de esta entrega es la relación entre el riesgo y la recompensa. El sistema de juego de Unbound invita a participar en eventos durante el día o la noche, siendo la policía más permisible durante la primera tanda horaria y más intransigente durante la segunda. Sin embargo, participar en muchos eventos para ganar dinero conlleva que el medidor de peligro aumente y, por consiguiente, los oficiales estén más atentos a nuestros movimientos. Así, esta entrega deja a disposición del jugador la posibilidad de aumentar su capital de forma rápida si, por el camino, es capaz de evitar las persecuciones policiales. Y eso, en los niveles más altos, es una prueba para los más habilidosos.\r\n\r\nHe de admitirlo: tengo cierta debilidad por los títulos con estética “cartoon”. Para mí, que sean capaces de mantener el tipo después de tantos años es una muestra de lo competente que es este estilo artístico. Por ello, que Lakeshore City esté plagado de personajes con dicha estética que, además, forman parte de un mapa realista de vanguardia, me parece una decisión tan positiva como acertada. Además, este tipo de arte, presente en detalles como el humo del derrape o los iconos sobre el coche para activar un “boost”, encajan a la perfección con “la esencia Need for Speed”.\r\n\r\nPor desgracia, no soy tan benevolente con la banda sonora del juego. Aunque en lo referente al ruido del motor, el sonido ambiente y otros aspectos sonoros el resultado es impecable, la apuesta tan cerrada de EA por la música urbana, el trap y los ritmos latinos me provocaron cierto hastío ya que tenía la sensación de estar ante “lo mismo” una y otra vez. Es innegable que, como en otras entregas, tiene canciones memorables; sin embargo, en esta ocasión se echa en falta más variedad en este aspecto.\r\n\r\nNo obstante, este punto con el que no llegue a disfrutar no empaña la experiencia general que deja el título. En lo técnico es imposible rebatir sus virtudes ya que Unbound, y no he experimentado ninguna situación que indique lo contrario, funciona a 60 fps estables como una roca. Además, los tiempos de carga son anecdóticos, aunque es cierto que, al menos en la versión de PlayStation 5, es incapaz de aprovechar aunque sea de forma mínima las virtudes del DualSense. Una pena.\r\n\r\nEn definitiva, Need for Speed: Unbound es una de las sorpresas más agradables del final de 2022. Aunque ha pasado de puntillas por esa promoción exprés que mencioné atrás, EA se ha sacado de la chistera un título competente que ofrecerá horas y horas de diversión a los seguidores de los juegos de conducción. Por desgracia, su apartado online deja mucho que desear en estos momentos, encontrándose más cerca de ser “un recurso anecdótico” de uno que justifica su existencia. Sin embargo, EA ya ha prometido que trabajará en añadir más coches, carreras y desafíos.\r\n\r\nPor eso, en resumen, Need for Speed: Unbound es un juego capaz de hacer lucir sus virtudes por encima de sus carencias. Para usuarios no acostumbrados a este tipo de experiencias, el título puede pecar de repetitivo e, incluso, de insulso. No obstante, aquellos que aman la conducción encontrarán en Unbound un desafío que requiere dominar las calles: conseguir los coches más potentes del mundo. Y eso, en una propuesta tan divertida, es una tarea que se aleja bastante de lo tedioso.\r\n', 'NFSUnbound.jpeg', 5, '2023-05-19', 6),
(23, 3, 'Análisis de Gungrave GORE', 'No es que sea el personaje más recordado de PlayStation 2 (y menos todavía la saga), pero a pesar de eso, Grave y sus andanzas en GunGrave no pasaron desapercibidas para un grupo selecto de usuarios de la consola de Sony. Por desgracia y tras la secuela Overdose, han tenido que pasar muchos años para presenciar el regreso de esta auténtica máquina de aniquilar en este nuevo Gungrave GORE. Un tipo que por cierto fue diseñado por el famoso artista Yasuhiro Nightow, autor de Trigun, y su gran carisma le llevó a protagonizar su propia serie anime.\r\n\r\nEl estudio surcoreano Iggymob ha recogido el testigo dejado por el desaparecido equipo de Red Entertainment (los creadores del título original) para dar vida a este renacer (y nunca mejor dicho) de Grave y su legendario poder. Un tipo que se ve metido en una trama bastante más trabajada de lo que suele ser habitual en este tipo de producciones cargadas de acción hasta los topes y que, en esencia, tiene que luchar contra una organización criminal formada por tipos tan particulares (o más) que él. ¿Y para qué? Pues para acabar con Seed, una droga que mejora artificialmente a quienes la usan pero que, a largo plazo, acaba destrozando a quienes se la inyectan. Una historia que va siendo narrada a través de múltiples cinemáticas de bastante calidad, pudiendo seguirla sin problemas gracias a los subtítulos en español.\r\n\r\nResulta tremendamente sencillo explicar en qué consiste este título. Y es que estamos ante un shooter en tercera persona de esos que, en la actualidad, apenas se dejan ver. Una reliquia del pasado en la que, fase tras fase, lo único que debemos hacer es acabar con oleadas enteras de adversarios mientras causamos estragos en los decorados, que acaban hechos trizas. Ni puzles, ni diálogos, ni exploración ni nada que interfiera mínimamente con las carnicerías. Un estilo de juego que, si bien pertenece al pasado, al menos en mi opinión sigue gozando de una jugabilidad más que vigente en los tiempos que corren. Una obra ideal para descargar adrenalina.\r\n\r\nA lo largo de una generosa cantidad de niveles que nos trasladan a buena parte del sudeste asiático (Vietnam, Hong Kong, Singapur, etc.), tenemos que hacer uso tanto de nuestras pistolas gemelas Cerberus como de esa arma tan curiosa como increíblemente llamativa que es el Aullador Letal, una especie de ataúd transformable capaz de hacer polvo casi cualquier cosa u objeto. Una atractiva fórmula de juego que combina de manera muy notable los tiroteos indiscriminados con los enfrentamientos cuerpo a cuerpo.\r\n\r\nSi por algo destaca Gungrave GORE es por presentar un ritmo de juego trepidante. Desde el primer instante que ponemos un pie en el nivel de turno hasta que llegamos al final del mismo, el juego no nos concede ni un solo segundo de respiro. Y es que los adversarios nos atacan sin cesar, existiendo una variedad más que suficiente de ellos y que nos obligan a efectuar diferentes tácticas. Justamente aquí es donde brilla esta producción, dado que es necesario adaptarse a cada situación para no acabar besando el suelo. Eso es, porque si optamos por seleccionar un nivel de dificultad medio o elevado, a partir del quinto nivel las cosas empiezan a complicarse… incluso para un ser inmortal como es Grave.\r\n\r\nEl protagonista es capaz de efectuar una buena gama de acciones y movimientos, algunos de ellos indispensables como usar enemigos como escudos, repeler cohetes, rodar por el suelo o cargar el arma para destruir las protecciones que portan ciertos adversarios. Y cuando las cosas se ponen serias, siempre puede recurrir a alguna de sus habilidades especiales y explosivas o descargar toda su ira contra los rivales. Gracias a esto la acción siempre transcurre con mucha fluidez, y parte de la gracia que posee esta obra se basa precisamente en eso, en el flow de los combates. Es una gozada comprobar cómo nos vamos cargando a tropas enteras de oponentes haciendo uso de los diferentes movimientos y ataques de los que dispone el protagonista. Si lo hacemos bien, es posible encadenar combos de varios cientos de impactos consecutivos, algo que más allá de resultar muy gratificante, también somos recompensados por ello tal y como sucede en los grandes hack’n slash actuales como Devil May Cry 5 o Bayonetta 3.\r\n\r\nDe esta forma, al final de cada nivel obtenemos una calificación que viene determinada por diferentes aspectos (tiempo invertido, número de impactos, estilo, etc.), lo cual nos anima a jugar de la manera más “elegante” posible porque, con los puntos obtenidos como recompensa por nuestra labor, podemos pasarnos por el Laboratorio (una opción disponible en el menú) y adquirir mejoras para el ataúd, ampliar nuestro nivel de vida, acelerar la regeneración del escudo del protagonista, etc. Un aliciente más que sugerente.\r\n\r\nTampoco quiero dejarme en el tintero el nivel de agresividad que desprende el título… aunque quizá no tanto como algunos usuarios esperaban (como yo, para qué voy a negarlo). El hecho de que el PEGI que se ha otorgado al título sea +16 y no +18 es una pista clara de que, si bien es un arcade de lo más intenso y presenta ciertas escenas gore más o menos claras, para nada estamos ante el recital sanguinolento que nos han dejado otras producciones recientes como, sin ir más lejos, God of War Ragnarok.\r\n\r\nEste festival de disparos podemos disfrutarlo como se merece si optamos por elegir el modo rendimiento, que ejecuta el juego a 60 cuadros por segundo y 4K, la opción más recomendable en mi opinión (la otra es 30 cuadros y trazado de rayos), al menos en PS5 que es la entrega que he probado. Un apartado visual que se muestra bastante sólido y en el que destacan las continuas explosiones y los efectos especiales en general… pero no así el modelado de los adversarios, que se muestran demasiado básicos a excepción de los jefes finales, existiendo un buen puñado de estos últimos.\r\n\r\nUn apartado visual que cumple con creces pero que es netamente superado por la vertiente sonora. Y es que al gran doblaje japonés se suma otro en inglés bastante bueno y efectos de lo más contundente. Pero lo mejor es la banda sonora, que nos regala más de un tema sencillamente excepcional.                                                                                                                  ', 'gungraveGORE.jpeg', 5, '2023-05-19', 6);
INSERT INTO `articulos` (`id`, `categoria_id`, `titulo`, `descripcion`, `foto`, `localizacion_id`, `fecha`, `autor`) VALUES
(24, 2, 'Análisis de Spider-Man Miles Morales en PC', 'Quién nos iba a decir a los jugadores de PC que íbamos a despedir el año con hasta cuatro juegos de PlayStation, pero vivimos tiempos extraños y lo que antes era impensable ahora se está convirtiendo en la norma como la propia Sony confirmaba al anunciar que PlayStation aumentará su apoyo al PC. Y el último juego en traspasar esta frontera ha sido el notable Marvel\'s Spider-Man Miles Morales, que fue uno de los títulos estrella en el lanzamiento de PlayStation 5 a finales de 2020. Si no conocéis su historia os pongo al día sin spoilers en apenas unos segundos: Peter Parker tiene que salir de Nueva York y el bueno de Miles Morales se queda a cargo de la ciudad, como \"buen vecino y amigo Spider-Man\". A partir de ahí ya os imagináis el resto: nuevos supervillanos a los que hacer frente, cientos de matones a los que machacar en las calles de la Gran Manzana, y una pizca de drama - culebrón de adolescentes para humanizar al héroe de Marvel. ¿El resultado?\r\n\r\n Te emplazo a que leas el análisis de Spider-Man Miles Morales en 3DJuegos para conocer al detalle los pros y contras de este videojuego de Insomniac Games, pues en este artículo me centraré especialmente en los aspectos técnicos de esta adaptación a PC. Aunque sí te puedo adelantar que el juego me ha gustado mucho porque, vaya, es una continuación muy directa del original de 2018, así que si este te gustó aquí encontrarás un \"más de lo mismo\" en toda regla. Esto tiene su contrapartida, claro, porque se echa en falta algo más de originalidad en ciertos momentos de la partida; pero en líneas generales es un juego de acción y mundo abierto muy disfrutable porque es un placer recorrer las calles de Nueva York lanzando telarañas aquí y allá; porque el combate es divertido y visualmente espectacular, y porque los villanos nos regalan momentos retina con los que cuesta no esbozar más de una mueca de asombro.\r\n\r\nAsí que ha sido todo un gustazo no solo disfrutar en PC de un juego de Spider-Man con tal calidad, sino llevármelo también en la mochila gracias a Steam Deck, donde el juego de Insomniac Games rinde fantásticamente bien.\r\n\r\nPlayStation nos ha acostumbrado a cuidar mucho las versiones de PC de sus grandes videojuegos (compraron a unos expertos en esta misión) y Miles Morales no es una excepción. La hasta ahora última gran aventura del universo arácnido de Marvel cuenta con una enorme variedad de opciones visuales para que puedas disfrutar del juego en una amplia gama de equipos: ya no es solo la resolución o la calidad de las texturas o incluso los reflejos y la iluminación con RayTracing; Miles Morales incluye opciones para que puedas personalizar también la cantidad de peatones que hay en las calles, la densidad del tráfico, la calidad de los efectos metereológicos o incluso el nivel de detalle del pelo.\r\n\r\nEn este sentido pocas pegas se le pueden poner al trabajo de Nixxes. Miles Morales se ve francamente espectacular en PC, sobre todo si disfrutas de su acción a 4K y 60FPS. Pero ya te aviso que si activas el trazado de rayos tu equipo va a echar humo porque el consumo de recursos aumenta de forma notable, y sobre todo, en escenarios nocturnos el rendimiento puede caer en momentos puntuales de máxima acción. Para que quede claro. Se ve mejor que Spider-Man Remastered de PC, porque el juego ya nació teniendo en cuenta avances técnicos propios de la nueva generación de gráficos, pero a su vez es también un juego más exigente. Como te cuentan mis compañeros de 3DJuegos PC, usando el mismo sistema ha sido necesario \"sacrificar\" algunos detalles técnicos para favorecer una tasa de 60 imágenes por segundo.\r\n\r\nComo podéis ver en las imágenes que acompañan a este artículo, Miles Morales es un videojuego espectacular que nos regala estampas increíbles con esa Nueva York navideña cubierta por la nieve. Y no se puede negar que Nixxes ha sido inteligente gestionando los recursos del sistema para tener la mejor imagen posible sin que el PC sufra en exceso. Hablo por ejemplo de los reflejos que son una locura en una ciudad como esta con tantos rascacielos, y aquí se van difuminando a medida que aumenta la distancia con Spidey. Esto no te va salvar -al menos por ahora- de toquetear la configuración para mantener los 60FPS en calidad ultra, pero honestamente, como decía no se le pueden poner muchas pegas. ¡Por cierto! Un pequeño truco para ganar unos FPS extra. Si ejecutas el juego en modo Big Picture parece rendir algo mejor que cuando lo lanzas por la vía habitual.\r\n\r\nSe ha convertido ya en una tradición. Todo nuevo juego que sale en PC lo pruebo en la consola portátil de Valve y Miles Morales no ha sido una excepción. Y aquí tampoco hay sorpresas porque ya la versión remasterizada de Marvel\'s Spider-Man rendía bien en Steam Deck. Obviamente siendo uno de esos juegos que entran por los ojos yo prefiero jugarlo en pantalla grande, pero también os digo que es todo un placer poder continuar la acción justo donde lo dejaste en un dispositivo como este. El rendimiento en este punto es el esperado.\r\n\r\nSpider-Man Miles Morales funciona a 30FPS en la portátil en su \"configuración estándar\", con gráficos en calidad Media y detalles como las sombras, por ejemplo, en bajo. ¿Es la única opción disponible? Lo cierto es que no porque incluso puedes desbloquear la tasa de fotogramas hasta los 60FPS, y aumentar o reducir cualquier otro elemento del juego para adaptarlo a tu gusto. Sin embargo os diré que de entrada, sin tocar nada, el juego va fluido y se ve bastante bien. Y de paso también ganas algo más de autonomía en la batería, que en juegos tan exigentes, suele rondar las dos horas con los ventiladores a máxima potencia (como siempre, a ratos puede ser algo molesto por el ruido).\r\n\r\nHuelga destacar que el juego también se ha adaptado al uso de teclado y ratón de forma eficiente. Si tenéis un DualSense de PS5 en casa y lo conectáis vía USB, podréis disfrutar de los controles hápticos de la versión original de PlayStation 5, lo que es otro detalle a tener en cuenta.\r\n\r\nEn definitiva, Nixxes ha vuelto a demostrar su valía como uno de los equipos que mejor dominan el arte de adaptar juegos de consola a PC. No solo se ve espectacular sino que también ofrece opciones más que suficientes para que incluso equipos de gama media puedan mostrar una versión más que digna de Spider-Man Miles Morales. Y merece la pena. Aunque es un juego más pequeño que el original y obviamente, es bastante continuista, su acción sigue siendo de lo más divertida y cuando se pone espectacular, y aparecen sus grandes villanos, es puro cómic. Es una noticia genial que más juegos de la factoría PlayStation como este se estrenen en PC. Y sorprende porque hace apenas unas semanas estábamos celebrando el lanzamiento de Uncharted La Colección Legado de los Ladrones en compatibles.                                 ', 'spidermanMilesPC.jpeg', 5, '2023-05-19', 6),
(56, 2, '¿Estará Dragon\'s Dogma 2 en el Capcom Showcase?', '¡Que no pare la fiesta de los videojuegos! Con el Summer Game Fest 2023 ya terminado, al menos el evento de Geoff Keighley, no podemos decir que el periodo de conferencias haya terminado. Capcom es de los siguientes de la lista y los nipones ya han confirmado qué juegos veremos en su Capcom Showcase.\r\n\r\nLos de Resident Evil quieren ir sobreseguro y que su comunidad sepa el menú que van a degustar el próximo 12 de junio a las 00:00 horas (horario peninsular español). Con Street Fighter 6 siendo un megatón y Exoprimal como siguiente lanzamiento, uno muy desenfadado, no les interesa mantener el secreto o jugar al despiste.\r\nEsto es lo que veremos en el evento del próximo lunes:\r\n\r\n-Exoprimal\r\n-Dragon’s Dogma 2\r\n-Ghost Trick: Phantom Detective\r\n\r\nAntes de que pienses, \"¿solo 3 juegos?\", cabe destacar que será un evento ligerito, de apenas 36 minutos, donde los nipones buscan subirse al barco del periodo estival de conferencias. Capcom quiere compartir información de sus lanzamientos inmediatos, así como de futuros juegos, por lo que es lógico este evento más contenido.\r\n\r\nAdemás, de ese trío, Dragon’s Dogma 2 es el lanzamiento más grande que Capcom tiene entre manos, por lo que su mera presencia ya vale la pena. Sin embargo, no nos dejarán con solo 3 juegos. En el comunicado compartido por Capcom también se cita que ofrecerán actualizaciones de otros juegos de diferente importancia.', 'dragonsDogma.jpeg', 5, '2023-06-09', 6),
(57, 2, 'Lo llaman \"el juego de Pokémon con ametralladoras\" y se ha hecho viral', 'La combinación de una idea tan extraña con incontables retrasos en la fecha de lanzamiento nos hicieron dudar de si realmente llegaría el día de su estreno. Sin embargo, los creadores de Palworld han confirmado la llegada del juego en formato de Acceso Anticipado en enero de 2024. Lo han hecho por todo lo alto con una aparición en el Summer Game Fest. Miles de personas que presenciaban el evento de videojuegos más destacado del verano pudieron ver esta extraña mezcla de coleccionismo de criaturas al estilo Pokémon con rifles de asalto y hasta explotación animal.\r\n\r\n<strong>Una idea macabra que verá la luz en unos meses</strong>\r\n\r\nEl mismo tráiler de Palworld deja clara su propuesta gamberra. Aunque todo comienza con un mundo idílcio que parece tener poco que envidiarle a cualquier título de Game Freak, pronto aparece una criatura sosteniendo una ametralladora y estamos en la batalla contra un escarabajo gigante a modo de \'boss\' al estilo de Pokémon Leyendas Arceus. Sin embargo y más allá de esta combinación tan chocante en primera instancia, lo cierto es que el título pretende ofrecer una experiencia profunda y con multitud de posibles enfoques para los jugadores: desde la exploración hasta la creación de fábricas con estos \'fakemon\' como esclavos.\r\n\r\n\"Podrás conseguir especies en peligro de extinción si cazas en el área prohibida. Si entras escondido y los capturas, te llevarás montones de dinero. Solo es ilegal si te pillan\", explica la descripción del juego. Toda la idea promocional sigue en la misma línea: \"¿Quieres construir una pirámide? Puedes tener un gran número de Pals [equivalente a los pokémon] que trabajen en la construcción. No te preocupes, las leyes de trabajo no se aplican a estos monstruos\", \"El mundo está lleno de peligros como la escasez de alimentos, las inclemencias del tiempo y los cazadores furtivos. Debes estar preparado para sobrevivir. Puede que a veces incluso necesites comerte a los Pals\".\r\n\r\nDebemos esperar al próximo mes de enero para comprobar si hay un juego sólido tras todos estos memes que, a ratos nos hacen gracia, a ratos nos hacen arquear las cejas. No os vamos a mentir, esto no era exactamente lo que pensábamos cuando pedíamos un juego de Pokémon que hubiera crecido con sus fans…', 'palmworld.jpeg', 5, '2023-06-09', 6),
(58, 2, 'The Lord of the Rings: Return to Moria presenta el primer trailer gameplay', 'El evento del Summer Game Fest 2023 está incluyendo muchos anuncios, y los fans de la saga El Señor de los Anillos han tenido su pequeño espacio para deleitarse con The Lord of the Rings: Return to Moria. De esta manera por fin han presentado un primer gameplay trailer donde hemos podido muchos detalles relacionados a su jugabilidad. <br>\r\n\r\nTal y como se puede apreciar en el tráiler de arriba, The Lord of the Rings: Return to Moria ya tiene ventana de lanzamiento y será en otoño de 2023 cuando aterrice en otoño de 2023. Se lanzará en PS5, Xbox Series X|S y PC a través de la Epìc Games Store. Se trata del único videojuego de supervivencia ambientado en la Cuarta Edad de la Tierra Media. Si has visto las películas de la saga de El Señor de los Anillos sabes más o menos de qué va este juego. <br>\r\n\r\nEn esta obra los enanos tienen que enfrentarse a todos los peligros que supone recuperar las Minas de Moria. En el título tendrás que utilizar la artesanía y la construcción con el fin de explorar todas las ubicaciones. También podrás forjar armas y armaduras más poderosas a medida que los peligros aparecen. Además, uno de sus mejores apartados es que los fans de la franquicia estarán tranquilos ya que The Lord of the Rings: Return to Moria será un juego fiel a la obra de Tolkien.<br>\r\n\r\n<h2>Más detalles The Lord of the Rings: Return to Moria</h2>\r\nPor si no ha quedado claro, el título permitirá que los jugadores puedan crear su propio Enano personalizado y lo mejor de todo es que lo podrás disfrutar en solitario o con amigos. Con todo ello, podremos explorar tesoros y extraer valiosos minerales para forjar armaduras y armas importantes. Eso sí, nos avisan de que no hay que hacer ruido para no alertar a los enemigos. ', 'Return to Moria.jpeg', 5, '2023-06-09', 6),
(59, 2, 'Baldur\'s Gate 3 quiere ser el RPG del año. Tiene nuevo tráiler y sorprende contratando a un actor de Harry Potter', 'Aunque es muy probable que Baldur\'s Gate 3 haya aparecido en tu vida gracias a alguno de sus espectaculares adelantos en eventos de terceros, el desarrollo de este potentísimo RPG lleva nada menos que desde 2017 preparando su lanzamiento. Como no podía ser de otra forma, y a pocas semanas de su llegada oficial, el nuevo juego de Dungeons & Dragons se deja ver con un espectacular tráiler que viene a decir, \"¡cómprame!\". <br>\r\n\r\nTras nada menos que 3 años en acceso anticipado como uno de los juegos de rol más espectaculares de PC en cuanto a reseñas, nada menos que un 88% de valoraciones positivas en Steam aún siendo un juego inacabado, ya iba siendo hora de poder jugarlo de principio a fin. Será finalmente el próximo 31 de agosto cuando las Puerta de Baldur se abra una vez más para todos los jugadores.<br>\r\n\r\nDe hecho, esto tiene cierto toque hilarante porque, tras estos 3 años de desarrollo, Larian Studios aseguró por activa y por pasiva que Baldur\'s Gate 3 no se perdería el periodo estival. Un lanzamiento antes de acabar el verano que muchos no teníamos claro, hasta que fue confirmado para el último día de agosto. Bien jugado, Larian.<br>\r\n\r\n<h2>Rol y fantasía medieval de la buena</h2>\r\nEso sí, por mucho que haya estado desde 2020 en acceso anticipado, los jugadores más novatos no deben tener miedo. Como se ha hecho con cada actualización importante, todo el progreso se reiniciará una vez dé comienzo su versión 1.0. Además, los jugadores que han estado disfrutando del RPG durante este tiempo solo han tenido acceso al primer arco argumental, por lo que no deben temer posibles spoilers.<br>\r\n\r\nLo que encontraremos cuando este momento llegue será uno de los RPG de acción por turnos más impresionantes y espectaculares del momento. Nada del estilo ARPG de Diablo IV, por ejemplo. Este es un juego pausado, de medir los golpes y los movimientos con cabeza.<br>\r\n\r\nSu importancia no viene únicamente de estar hecho por un equipo súper competente, que además ha tenido el apoyo de Wizards of the Coast en el proyecto, sino también porque hablamos de una experiencia de más de 100 horas. De hecho, el primer acto ya tiene una duración aproximada de 20 horas.<br>\r\n\r\nAdemás, al margen de J. K. Simmons que ya fue presentado como uno de los miembros del elenco, hoy se ha anunciado a Jason Isaacs, Lucius Malfoy en Harry Potter, como Gortash, uno de los personajes secundarios del RPG. No hay mucho detalle sobre él, pero se nota que Larian Studios va a por todas con el juego.', 'baldursGate.jpeg', 5, '2023-06-09', 6),
(60, 2, 'Amazon quiere volver al éxito con Throne and Liberty, un RPG gratis que promete combates intensos en un mundo de fantasía', 'Es muy posible que muchos de los jugadores que hayan jugado a New World, pero parece que Amazon quiere seguir por la senda del éxito con un nuevo videojuego. En este caso os hablamos de Throne and Liberty, una obra que se presentó a mediados de febrero para su llegada a Occidente con la promesa de ofrecer un MMORPG con elementos de aventura y fantasía.<br><br>\r\n\r\nEn la descripción del tráiler de YouTube han aportado más detalles: \"Es un MMORPG gratuito en el vasto mundo abierto de Solisium. Puedes escalar extensas cordilleras para llegar a nuevos miradores, escanear el cielo abierto, atravesar extensas planicies y explorar una tierra llena de profundidad y oportunidad\", comentan.<br><br>\r\n\r\n<h2>Más detalles de Throne and Liberty</h2>\r\nAsimismo también han señalado que podemos adaptar nuestra lucha en base a decisiones estratégicas en PvP, PvE. Además, te podrás encontrar en el campo de batalla tanto a jugadores como enemigos. Una de sus peculiaridades es que el clima cambiará con el paso de los minutos. Lamentablemente no hay fecha de lanzamiento todavía, pero a los fans les ha ilusionado mucho.', 'Throne and Liberty.jpeg', 5, '2023-06-09', 6),
(61, 2, 'Nicolas Cage, el invitado estrella de la noche se confirma como personaje en Dead by Daylight', 'El Summer Game Fest 2023 ha empezado a lo grande y una de las mayores sorpresas de la noche ha sido la presencia de Nicolas Cage. El popular actor no solo sorprende por todas las películas sino que ahora podremos disfrutar de sus habilidades en Dead by Daylight. No obstante, en esta ocasión deberá huir y reparar generadores para huir del asesino.<br><br>\r\n\r\nHace unas semanas confirmaron que Nicolas Cage iba a llegar a Dead by Daylight como personaje jugable, pero no teníamos más detalles. Hoy por fin podemos confirmar que la obra seguirá ampliando su catálogo de personalidades. Será el 25 de julio cuando aterrice en todas las plataformas, y así podremos comprarlo dentro de la tienda del juego.<br><br>\r\n\r\nEn estos momentos no se sabe cuales serán sus habilidades, pero una cosa sí parece clara: Será uno de los más importantes de todos los que han salido. Además, teniendo en cuenta que las técnicas del resto personajes se pueden trasladar a otros tras llegar al máximo nivel, será una interesante fórmula y un cosmético que agradará a los fans del actor.<br><br>\r\n\r\n<h2>Más aspectos de Dead by Daylight</h2>\r\nEs posible que todavía no lo sepas, pero se está trabajando en una película de Dead by Daylight, pero a día de hoy hay pocas novedades que resaltar. Todo ello ha sido posible gracias a todos los usuarios que han disfrutado de esta obra, pues son más de 50 millones de jugadores los que han jugado a Dead by Daylight.', 'nicolas.jpeg', 5, '2023-06-09', 6),
(62, 3, 'Spider-Man 2 por fin fecha su lanzamiento en el Summer Game Fest y reitera todo lo que podremos hacer en el exclusivo de PS5', '¿Pensabas que Insomniac Games ya había enseñado todas sus cartas en el pasado PlayStation Showcase? Nosotros también, pero el equipo acaba de sorprendernos en el Summer Game Fest 2023 confirmando la fecha de lanzamiento de Marvel\'s Spider-Man 2. Porque, después de presentar un gameplay espectacular en el evento de Sony, los creadores han esperado hasta la conferencia de Geoff Keighley para soltar la bomba.<br><br>\r\n\r\nSpider-Man 2 estará disponible para PS5 el próximo 20 de octubre; las reservas se abrirán el 16 de junio. Cumpliendo con la ventana de lanzamiento prevista, que estaba fechada para este otoño, el equipo de Insomniac Games quiere que regresemos a Nueva York con Peter Parker, Miles Morales y, por supuesto, las nuevas habilidades que brinda el simbionte.<br><br>\r\n\r\nAprovechando su presencia en el escenario, Insomniac Games ha aprovechado el momento para recordar algunas de las novedades de Spider-Man 2. Hablamos concretamente de informaciones ya conocidas como la posibilidad de desbloquear nuevas habilidades con el simbionte, la exploración por una Nueva York el doble de grande y la presencia de villanos tales como Kraven y Venom. Sin embargo, y como era de esperar, los creadores aseguran que estos no serán los únicos antagonistas de la entrega.<br><br>\r\n\r\n<h2>Incentivos de reserva y extras de la Digital Deluxe y la Collector\'s Edition</h2>\r\nPor si esto fuera poco, Insomniac Games también nos ha sorprendido desvelando detalles sobre las ediciones especiales de Spider-Man 2, así como los incentivos de reserva. A continuación, os dejamos los detalles de cada una de las opciones disponibles.\r\n\r\n<h3>Incentivos de reserva de Spider-Man 2</h3>\r\n-Juego base<br><br>\r\n-Traje Archknight para Peter con variación de 3 colores<br><br>\r\n-Traje Shadow Spider para Miles con variación de 3 colores<br><br>\r\n-El gadget Web Grabber<br><br>\r\n-3 puntos de habilidad<br><br>\r\n<h3>Extras de Spider-Man 2 Digital Deluxe</h3>\r\n-Todos los incentivos de reserva<br><br>\r\n-10 trajes únicos (5 para Peter, 5 para Miles)<br><br>\r\n-Marcos y stickers adicionales para el Modo Foto<br><br>\r\n-2 puntos de habilidad adicionales<br><br>\r\n-Precio: 89,99 euros<br><br>\r\n<h3>Extras de Spider-Man 2 Collector\'s Edition</h3>\r\n-Un vale para canejar la edición Digital Deluxe<br><br>\r\n-Caja Steelbook<br><br>\r\n-Una estatua de Peter y Miles luchando contra Venom<br><br>\r\nPrecio: 249,99 euros', 'spiderman2.jpeg', 5, '2023-06-09', 6),
(64, 5, '¿Y si hubiera motos en Hollow Knight? No busques más porque este nuevo metroidvania lo hace posible', 'Es posible que todo esté inventado en el mundo de los videojuegos, pero no todo está hibridado. La última locura del estudio Brainwash Gang, que sorprende a cada juego por propuestas arriesgadas como The Longest Road On Earth o el reciente Friends vs. Friends, abre el género del metroidvania a una nueva mezcla que recoge mecánicas parecidas al control de la moto de un Trials en el que solo podemos disparar en el aire y recargar nuestras balas o poderes haciendo trucos. El nombre de \"motorvania\" le viene ni que pintado. La idea es buena. Tanto, que sorprende que no se haya pensado antes en ella.<br><br>\r\n\r\nHe podido jugar las primeras horas y, en el fondo, me alegro de que no se haya ideado antes. Porque Brainwash es el estudio perfecto para ejecutarla. Su estilo artístico me recuerda a su Nongünz llevado a la alta resolución y las melodías de Beícoli que ya pude disfrutar en The Longest Road On Earth bañan a los escenarios de una melancolía singular. De un mundo devastado, quizá mutado, donde solo queda polvo y huesos.<br><br>\r\n\r\nAhora, presta atención porque el juego te regala su diseño visual y sonoro y nada más. Laika: Aged Through Blood es exigente. Posee una relación entre riesgo y recompensa que corta como una navaja. Una bala es todo lo que necesita un enemigo para devolverte al punto de control, mientras que tú necesitarás hacer verdaderos malabares para acabar con ellos. Tu moto no es solo tu medio de transporte. Es tu escudo. Si la posicionas frente a tu enemigo, parará la bala (a no ser que tenga un lanzacohetes). Tú, en cambio, tienes que apuntar con precisión, en cámara lenta, eso sí, para acabar con todas tus amenazas.<br><br>\r\n\r\nEl problema es que tus balas tienen que ser recargadas y empiezas el juego con solo dos disparos. Cada vez que quieras recargar tienes que hacer un backflip antes de volver a la acción. Imagina entonces la situaciones de tensión que se producen cuando hay más de dos enemigos en pantalla. Sí, esto significa que en Laika morirás mucho. También significa que no te importará en absoluto. Los puntos de control son rápidos, como un Ori endiablado, te premia y te castiga hasta que tus dedos se hagan con el control. Cuando por fin lo haces, todo fluye y tus enemigos mueren de formas espectaculares, entre ríos y ríos de sangre, para quedarte con sus vísceras que son la moneda de cambio del juego.<br><br>\r\n\r\nEl otro poder, porque tenía que estar, es una especie de parry. Si te quedas sin balas, siempre puedes devolver la del enemigo. Para ello, si pulsas el botón de cambio de dirección, la moto hará una especie de derrape y, como una raqueta de tenis, mandará la bala a su origen. Es aún más arriesgado y además requiere hacer un frontflip para recargar la habilidad, pero merece la pena. ¿Quieres más munición? Vas a tener que ganártela, recopilando vísceras y materiales para aumentar tus sacos y también para conseguir nuevas armas como la escopeta o la ballesta. Aquí entra el juego las mecánicas de recopilación de recursos en las que tendremos que explorar las diferentes zonas para conseguir huesos, madera y demás materiales con las que mejorar el equipo de Laika.<br><br>\r\n\r\n<h2>Un desierto de polvo y sangre</h2>\r\nAntes he mencionado que la estructura de Laika es como un metroidvania, pero lo cierto es que recuerda más a esa escisión en el género llamada Hollow Knight. Hay mucho de la obra de Team Cherry en su estructura, en la forma de perder parte de tus preciadas vísceras, apostar por menos enemigos, pero que causan más problemas y sobre todo en la navegación. Sus mapas son completamente mudos, sin marcar la posición del jugador en él y teniendo que buscar al cartógrafo para extenderlo.<br><br>\r\n\r\nLaika no te ayuda tampoco en esto. La lista de objetivos te señala las zonas a las que tienes que dirigirte como puntos calientes, con nombres tan sugerentes como \"Donde descansan nuestros ancestros\", \"De donde vienen los pájaros\" o \"Donde la tierra sangra\". Pero nunca vas a ver un punto concreto en el mapa. Tienes que empaparte de este mapa, que parece un hormiguero visto desde el cristal, para conocerlo a fondo.<br><br>\r\n\r\nTodavía me queda por ver la importancia de la historia de Laika. Su premisa es simple: una madre coyote y su tribu luchan por sobrevivir en este post-apocalíptico desierto ante la amenaza de la facción de los pájaros, que se están haciendo con el control de todas las tierras a su paso. Laika es otro juego que abraza la justificación de la muerte y resurrección, ya que nuestra protagonista siempre vuelve a la vida debido a una herencia familiar. Habrá que ver cómo evoluciona, pero Brainwash se ha preocupado de que haya suficiente material narrativo siempre que volvemos al poblado, además de ofrecer varias misiones secundarias para sacar más partido a cada zona del mapa y mejorar nuestro equipamiento.', 'laika.jpeg', 5, '2023-06-09', 6),
(65, 5, 'El remake fan de Final Fantasy IX son tan maravillosos que hasta Square Enix lo firmaría', 'Cuando los fans dedican tanto empeño y dedicación en crear proyectos ambiciosos hay que darle su  justo reconocimiento y mención. Esta vez seréis testigos de cómo sería un hipotético remake de Final Fantasy IX. En el pasado ya nos fijamos en sus avances, pero lo que ha mostrado ahora ha enamorado a la comunidad y ha ilusionado a muchos fans por si podrán jugarlo algún día.<br><br>\r\n\r\nA través de la cuenta oficial de Twitter de Final Fantasy IX: Memoria Project, los creadores han señalado lo siguiente: \"Estamos encantados de presentar la demo de juego de nuestro proyecto Final Fantasy IX Remake, creado con amor y pasión por más de 50 desarrolladores y artistas profesionales de videojuegos a lo largo de tres años\".<br><br>\r\n\r\nEn el vídeo hemos visto cómo Vivi realiza una serie de tareas en la bonita ciudad de Alexandria. Merece la pena recordar que este proyecto está siendo desarrollado bajo Unreal Engine 5 y la mala noticia es que es una prueba de concepto y los fans no lo podrán jugar jamás debido a que sus responsables no quieren problemas legales con Square Enix.<br><br>\r\n\r\n<h2>Final Fantasy IX Remake sería real, según Gematsu</h2>\r\nUna de las frases que ha señalado este medio ha sido la siguiente: \"Gematsu tiene entendido que Square Enix está desarrollando un remake real de Final Fantasy IX\". Actualmente no hay confirmación oficial por parte de la compañía japonesa, por lo que lo ideal será esperar a que Square Enix lo muestre o no en un futuro evento.', 'FFRemake.jpeg', 5, '2023-06-09', 6),
(66, 5, 'Se gastó cientos de euros para rescatar a un Pokémon que había perdido hace 15 años y su conclusión es clara, mereció la pena', 'Quizá lo más bonito de la saga Pokémon es su capacidad para que los jugadores generen vínculos significativos con las criaturas presentes en cada juego de la franquicia. Son muchos los veteranos que se acuerdan de ese compañero de viaje que tuvieron cuando comenzaban en la saga o que tienen una historia especial que los vincula a una determinada especie. Todos tenemos nuestros favoritos, aunque casi nadie lleva ese amor tan lejos como ha hecho un miembro de la comunidad. Su misión era rescatar al Charizard con el que había completado Rojo Fuego hace 15 años y estaba dispuesto a pagar cualquier precio.<br><br>\r\n\r\n<h2>Un rescate Pokémon casi imposible</h2>\r\nEl Charizard estaba retenido en Pokémon Colosseum, uno de los juegos más difíciles e infravalorados de la saga. Había llegado ahí gracias a la conexión que el título tenía –a través de un periférico exclusivo– con GameBoy Advance. En este sentido, lo que motivaba al jugador era tanto la idea de recuperar a su criatura como la aventura que le esperaba. Aunque es posible llevarlo desde ahí a Escarlata y Púrpura, hay que dar un gran número de pasos por el camino. La \"lista de la compra\" es larga: necesitó una GBA, el cable que conecta GBA con GameCube, una copia de Pokémon Rubí, una Nintendo DS, una copia de Pokémon Platino, una copia de Pokémon Blanco, una Nintendo DS y una Nintendo 3DS.<br><br>\r\n\r\nEl rescate tuvo un coste total de unos 340 dólares ya que, al menos según indica el jugador, no recurrió al pirateo de ninguno de los sistemas. La parte positiva es que repartió la inversión a lo largo de todo un año entre la búsqueda de los productos y su obtención a un precio lo más razonable posible. Además, durante el proceso fue completando algunos de los juegos. “Me dio la oportunidad de jugar algunas generaciones que me había saltado, como la quinta o la séptima”, explicaba el jugador. También aseguraba que no se arrepentía, y no solo se trataba de que el camino hubiera merecido la pena: \"tal y como están las cosas ahora, lo que compre solo va a subir de precio\".<br><br>\r\n\r\nEn cuanto a Charizard, lo cierto es que esta debe ser la peor generación de todas para llevar a cabo el rescate. Ha sido uno de los niños mimados de Game Freak en los juegos anteriores recibiendo dos megaevoluciones y una forma Gigamax muy útil en los combates. Sin embargo, Escarlata y Púrpura han sido las entregas que menos atención le han prestado a este monstruo. La mecánica de Teratipo no termina de favorecerle. Aún así, no dudamos de que ver a este compañero de la infancia en la región de Paldea debe haber sido muy especial.\r\n\r\n', 'charizard.jpeg', 5, '2023-06-09', 6),
(68, 5, 'Mario Kart 8 Deluxe pega un sprint final y Nintendo tendría su penúltimo DLC a punto de caramelo', 'Para que os hagáis una idea, han pasado nada menos que 6 años desde el lanzamiento de Mario Kart 8 Deluxe, y el juego no ha pisado el acelerador en ningún momento. Con todo lo que supone el juego de base, teniendo en cuenta que es una reconversión del juego de WiiU a Nintendo Switch, se ha ido expandiendo con hasta 16 circuitos adicionales. Ahora, su penúltimo paquete de DLC estaría al caer.<br><br>\r\n\r\nSu anterior paquete, que llegó al mercado como Pase de Pistas Extras 4, se lanzó el pasado marzo a un precio de 24,95 euros, o gratis en caso de contar con el Pase de Expansión. Sin embargo, y aunque han pasado solo 3 meses, la cuenta de Nintendo Canadá ha compartido que el nuevo DLC para el juego llegaría \"pronto\".<br><br>\r\n\r\nSi bien esto no supone una confirmación de la Gran N, que una cuenta oficial empiece a calentar motores con el siguiente DLC de Mario Kart 8 Deluxe ya nos da lo suficiente para soñar con recorrer las pistas del juego. Es una vaga afirmación a la que aferrarnos, pero hablamos del penúltimo paquete de expansión, lo que aumentará considerablemente las expectativas.<br><br>\r\n\r\nCabe destacar que, al igual que el resto de DLC, el Pase de Pistas Extras 5 incluirá 8 nuevos circuitos. No obstante, Nintendo compartió que en los dos últimos DLC del juego añadiría hasta 5 nuevos personajes al plantel ya existente. Así que, queda por ver cuántos llegarán finalmente en el Pase 5 si tenemos en cuenta que en el Pase anterior solo aterrizó Birdo.<br><br>\r\n\r\n<h2>Super Mario Bros. La Película conquista el mundo, otra vez</h2>\r\nAunque llegó a las salas de cine el pasado 5 de abril, la película del fontanero bigotudo se convirtió rápidamente en una de las películas más exitosas del año. Esto sabe a poco para la alianza de Illumination y Universal Pictures y ahora ha conseguido desbancar a Frozen 2 para convertirse en la película de animación más taquillera de la historia', 'marioKart.jpeg', 5, '2023-06-09', 6);

-- --------------------------------------------------------

--
-- Estructura de tabla para la tabla `categoria_articulo`
--

CREATE TABLE `categoria_articulo` (
  `id` int(255) NOT NULL,
  `nombre` varchar(100) NOT NULL
) ENGINE=InnoDB DEFAULT CHARSET=utf8 COLLATE=utf8_spanish_ci;

--
-- Volcado de datos para la tabla `categoria_articulo`
--

INSERT INTO `categoria_articulo` (`id`, `nombre`) VALUES
(2, 'PC'),
(3, 'PS5'),
(4, 'XBOX'),
(5, 'SWITCH');

-- --------------------------------------------------------

--
-- Estructura de tabla para la tabla `categoria_producto`
--

CREATE TABLE `categoria_producto` (
  `id` int(255) NOT NULL,
  `nombre` varchar(100) NOT NULL
) ENGINE=InnoDB DEFAULT CHARSET=utf8 COLLATE=utf8_spanish_ci;

--
-- Volcado de datos para la tabla `categoria_producto`
--

INSERT INTO `categoria_producto` (`id`, `nombre`) VALUES
(1, 'PS1'),
(2, 'PS2'),
(3, 'PS3'),
(4, 'PS4'),
(5, 'PS5'),
(6, 'GAME BOY'),
(7, 'NINTENDO DS'),
(8, 'NINTENDO 3DS'),
(9, 'SWITCH'),
(10, 'XBOX'),
(11, 'XBOX 360'),
(12, 'XBOX ONE'),
(13, 'XBOX SERIES S/X'),
(14, 'PC'),
(15, 'Otros');

-- --------------------------------------------------------

--
-- Estructura de tabla para la tabla `linea_pedidos`
--

CREATE TABLE `linea_pedidos` (
  `id` int(255) NOT NULL,
  `pedido_id` int(255) NOT NULL,
  `producto_id` int(255) NOT NULL
) ENGINE=InnoDB DEFAULT CHARSET=utf8 COLLATE=utf8_spanish_ci;

--
-- Volcado de datos para la tabla `linea_pedidos`
--

INSERT INTO `linea_pedidos` (`id`, `pedido_id`, `producto_id`) VALUES
(105, 141, 18),
(106, 142, 46);

-- --------------------------------------------------------

--
-- Estructura de tabla para la tabla `localizacion_articulo`
--

CREATE TABLE `localizacion_articulo` (
  `id` int(255) NOT NULL,
  `nombre` varchar(100) NOT NULL
) ENGINE=InnoDB DEFAULT CHARSET=utf8 COLLATE=utf8_spanish_ci;

--
-- Volcado de datos para la tabla `localizacion_articulo`
--

INSERT INTO `localizacion_articulo` (`id`, `nombre`) VALUES
(1, 'Principal'),
(4, 'Destacados'),
(5, 'Noticias');

-- --------------------------------------------------------

--
-- Estructura de tabla para la tabla `pedidos`
--

CREATE TABLE `pedidos` (
  `id` int(255) NOT NULL,
  `comprador_id` int(255) NOT NULL,
  `coste` float(200,2) NOT NULL,
  `estado` varchar(20) NOT NULL,
  `fecha` date NOT NULL
) ENGINE=InnoDB DEFAULT CHARSET=utf8 COLLATE=utf8_spanish_ci;

--
-- Volcado de datos para la tabla `pedidos`
--

INSERT INTO `pedidos` (`id`, `comprador_id`, `coste`, `estado`, `fecha`) VALUES
(141, 2, 50.00, 'confirm', '2023-06-13'),
(142, 2, 130.00, 'confirm', '2023-06-13');

-- --------------------------------------------------------

--
-- Estructura de tabla para la tabla `productos`
--

CREATE TABLE `productos` (
  `id` int(255) NOT NULL,
  `categoria_id` int(255) NOT NULL,
  `vendedor_id` int(255) NOT NULL,
  `nombre` varchar(100) NOT NULL,
  `descripcion` text NOT NULL,
  `precio` float(100,2) NOT NULL,
  `fecha` date NOT NULL,
  `foto` varchar(255) DEFAULT NULL,
  `estado` varchar(10) NOT NULL
) ENGINE=InnoDB DEFAULT CHARSET=utf8 COLLATE=utf8_spanish_ci;

--
-- Volcado de datos para la tabla `productos`
--

INSERT INTO `productos` (`id`, `categoria_id`, `vendedor_id`, `nombre`, `descripcion`, `precio`, `fecha`, `foto`, `estado`) VALUES
(14, 9, 2, 'Nintendo Switch', 'Vendo esta consola por falta de uso. \r\nIncluye: \r\n-Cable HDMI\r\n-Cargador\r\n-Dos Joycon\r\n-Adaptador a mando\r\n-Funda para la nintendo \r\n-Funda para los joycon y el yostick\r\n-Adaptador a la televisión ', 300.00, '2023-05-22', 'nSwitch.jpg', 'disponible'),
(16, 2, 2, 'Consola PS2 y juegos', '                        Consola PS2 y juegos                    ', 50.00, '2023-05-23', 'ps2.jpg', 'disponible'),
(18, 1, 3, 'PS1', 'Vendo PS1 en buen estado                                            ', 50.00, '2023-05-23', 'ps1.jpg', 'vendido'),
(23, 9, 3, 'Switch pirateada', 'Va finísima             ', 400.00, '2023-05-26', 'switch.jpg', 'disponible'),
(25, 15, 3, 'PSVITA seminueva', 'Viene con accesorios, en perfecto estado.', 100.00, '2023-06-09', 'vita.png', 'disponible'),
(26, 4, 3, 'PS4', 'Viene con mando y cables.', 150.00, '2023-06-09', 'ps4.jpg', 'disponible'),
(27, 3, 3, 'PS3', 'Vendo mi PS3', 90.00, '2023-06-09', 'ps3.png', 'disponible'),
(42, 12, 74, 'XBOX ONE', 'Vendo XBOX ONE en buen estado', 100.00, '2023-06-13', 'xboxOneX.jpg', 'disponible'),
(43, 14, 74, 'RTX 2060 SUPER', 'Tarjeta gráfica casi nueva', 290.00, '2023-06-13', 'NVIDIA-RTX-2060-SUPER.jpg', 'disponible'),
(44, 6, 74, 'Game Boy Advance', 'GBA en muy buen estado, todavía funciona.', 70.00, '2023-06-13', 'gameBoy.jpg', 'disponible'),
(45, 15, 4, 'Sega Master System', 'Icónica consola en buenas condiciones para los años que tiene.', 95.00, '2023-06-13', 'masterSystem.jpg', 'disponible'),
(46, 15, 4, 'Game Cube', 'Buena consola', 130.00, '2023-06-13', 'gameCube.jpg', 'vendido'),
(47, 11, 4, 'XBOX 360 negra', 'Consola con mando y cables', 45.00, '2023-06-13', '360.jpg', 'disponible');

-- --------------------------------------------------------

--
-- Estructura de tabla para la tabla `usuarios`
--

CREATE TABLE `usuarios` (
  `id` int(255) NOT NULL,
  `nombre` varchar(100) NOT NULL,
  `apellidos` varchar(255) DEFAULT NULL,
  `email` varchar(255) NOT NULL,
  `password` varchar(255) NOT NULL,
  `rol` varchar(20) DEFAULT NULL,
  `dni` varchar(10) DEFAULT NULL,
  `telefono` int(9) DEFAULT NULL,
  `provincia` varchar(255) DEFAULT NULL,
  `localidad` varchar(255) DEFAULT NULL,
  `direccion` varchar(255) DEFAULT NULL,
  `cp` int(10) DEFAULT NULL,
  `tarjeta` varchar(255) DEFAULT NULL,
  `titular_tarjeta` varchar(255) DEFAULT NULL,
  `validez_tarjeta` varchar(255) DEFAULT NULL,
  `cvv` varchar(255) DEFAULT NULL
) ENGINE=InnoDB DEFAULT CHARSET=utf8 COLLATE=utf8_spanish_ci;

--
-- Volcado de datos para la tabla `usuarios`
--

INSERT INTO `usuarios` (`id`, `nombre`, `apellidos`, `email`, `password`, `rol`, `dni`, `telefono`, `provincia`, `localidad`, `direccion`, `cp`, `tarjeta`, `titular_tarjeta`, `validez_tarjeta`, `cvv`) VALUES
(2, 'Borja', 'Jorge Estrella', 'borja.jorge.estrella@gmail.com', '$2y$10$lBl6T7C5nN3kYOVMsB.Iy.zMtgvMjDgh86pcuE.4kdPJ6jn24Y2Mq', 'user', '05316561L', 657738697, 'Madrid', 'Alcorcón', 'Calle Zamora 4, 6b', 28923, '123456789012345671', 'Borja Jorge Estrella', '$2y$10$XhKsbUZAVOhCfaY75ev8Iu8hvYfEKkK.3lxeGOnNopfFD/eb.tK5O', '$2y$10$ACvdOtJdq3sPinT2cesqFusv7.dxlV28BHPVW5ghdtXmkMBtILvVW'),
(3, 'Juan', 'Gomez Perez', 'juan@juan.com', '$2y$10$cg3XCGr9SmmypZv4FCgZ4O2G/Ryy/X.NhC8Dk5L.AICZ6tPhAYShu', 'user', '05316568L', 673737373, 'Caceres', 'Alcorcón', 'Calle Zamora 4, 6b', 28922, '345678900987654333', 'Juan Calvo', '$2y$10$Eoc/f4M6VBuMuJ.egd.Cc.JvuOczW163OI5jhQugPOjuNj7gSjmkG', '$2y$10$z3fT8nq8./FvUDBfLgKvWuQp/e9pjaZFge3CGFpqOV9XJWaXiD8tS'),
(4, 'lolo', 'lolo', 'lolo@lolo.com', '$2y$10$bzAYw2UCF2W.i0ETcYxaeemWpKdmVFJi0/sF/L1oGHH9yvI7ZfSyq', 'user', '05316567L', 657738631, 'Alcorcón', 'Alcorcón', 'Calle Zamora 4, 6b', 28922, NULL, NULL, NULL, NULL),
(6, 'Borja', 'admin', 'admin@admin.com', '$2y$12$6KWGKpP4sWKLnVBnO3vDhepAHS8rxmaTpH3VrrC2gmVRpc3pe6xmC', 'admin', NULL, NULL, NULL, NULL, NULL, NULL, NULL, NULL, NULL, NULL),
(7, 'clau', 'clau', 'clau@clau.com', '$2y$12$QU56i86tsAwyL8wsZI6LC.U2F/XF2SLtesyYv41nKqJXYkn/OacIy', 'admin', NULL, NULL, NULL, NULL, NULL, NULL, NULL, NULL, NULL, NULL),
(12, 'admin2', 'admin2', 'admin2@admin.com', '$2y$12$/i.JFTp9NIZOczanxN6vGuoStZ/5RWjoOM5Lw/brsGL9hnrb06A1q', 'admin', NULL, NULL, NULL, NULL, NULL, NULL, NULL, NULL, NULL, NULL),
(74, 'Carlos', 'Perez Ruz', 'carlos@carlos.com', '$2y$10$dWL/7TXYSiDWfnq/G6hD8OQA/y1EJfHMNvwm3u.521gpbHymzQZmC', 'user', '12345333L', 657738631, 'Alcorcón', 'Alcorcón', 'Calle Zamora 4, 6b', 28922, NULL, NULL, NULL, NULL);

--
-- Índices para tablas volcadas
--

--
-- Indices de la tabla `articulos`
--
ALTER TABLE `articulos`
  ADD PRIMARY KEY (`id`),
  ADD KEY `fk_articulo_categoria` (`categoria_id`),
  ADD KEY `fk_articulo_autor` (`autor`),
  ADD KEY `fk_articulo_localizacion` (`localizacion_id`);

--
-- Indices de la tabla `categoria_articulo`
--
ALTER TABLE `categoria_articulo`
  ADD PRIMARY KEY (`id`);

--
-- Indices de la tabla `categoria_producto`
--
ALTER TABLE `categoria_producto`
  ADD PRIMARY KEY (`id`);

--
-- Indices de la tabla `linea_pedidos`
--
ALTER TABLE `linea_pedidos`
  ADD PRIMARY KEY (`id`),
  ADD KEY `fk_linea_pedido` (`pedido_id`),
  ADD KEY `fk_linea_producto` (`producto_id`);

--
-- Indices de la tabla `localizacion_articulo`
--
ALTER TABLE `localizacion_articulo`
  ADD PRIMARY KEY (`id`);

--
-- Indices de la tabla `pedidos`
--
ALTER TABLE `pedidos`
  ADD PRIMARY KEY (`id`),
  ADD KEY `fk_productos_usuarios` (`comprador_id`);

--
-- Indices de la tabla `productos`
--
ALTER TABLE `productos`
  ADD PRIMARY KEY (`id`),
  ADD KEY `fk_producto_categoria` (`categoria_id`),
  ADD KEY `fk_producto_vendedor` (`vendedor_id`);

--
-- Indices de la tabla `usuarios`
--
ALTER TABLE `usuarios`
  ADD PRIMARY KEY (`id`);

--
-- AUTO_INCREMENT de las tablas volcadas
--

--
-- AUTO_INCREMENT de la tabla `articulos`
--
ALTER TABLE `articulos`
  MODIFY `id` int(255) NOT NULL AUTO_INCREMENT, AUTO_INCREMENT=81;

--
-- AUTO_INCREMENT de la tabla `categoria_articulo`
--
ALTER TABLE `categoria_articulo`
  MODIFY `id` int(255) NOT NULL AUTO_INCREMENT, AUTO_INCREMENT=79;

--
-- AUTO_INCREMENT de la tabla `categoria_producto`
--
ALTER TABLE `categoria_producto`
  MODIFY `id` int(255) NOT NULL AUTO_INCREMENT, AUTO_INCREMENT=16;

--
-- AUTO_INCREMENT de la tabla `linea_pedidos`
--
ALTER TABLE `linea_pedidos`
  MODIFY `id` int(255) NOT NULL AUTO_INCREMENT, AUTO_INCREMENT=107;

--
-- AUTO_INCREMENT de la tabla `localizacion_articulo`
--
ALTER TABLE `localizacion_articulo`
  MODIFY `id` int(255) NOT NULL AUTO_INCREMENT, AUTO_INCREMENT=6;

--
-- AUTO_INCREMENT de la tabla `pedidos`
--
ALTER TABLE `pedidos`
  MODIFY `id` int(255) NOT NULL AUTO_INCREMENT, AUTO_INCREMENT=143;

--
-- AUTO_INCREMENT de la tabla `productos`
--
ALTER TABLE `productos`
  MODIFY `id` int(255) NOT NULL AUTO_INCREMENT, AUTO_INCREMENT=48;

--
-- AUTO_INCREMENT de la tabla `usuarios`
--
ALTER TABLE `usuarios`
  MODIFY `id` int(255) NOT NULL AUTO_INCREMENT, AUTO_INCREMENT=75;

--
-- Restricciones para tablas volcadas
--

--
-- Filtros para la tabla `articulos`
--
ALTER TABLE `articulos`
  ADD CONSTRAINT `fk_articulo_autor` FOREIGN KEY (`autor`) REFERENCES `usuarios` (`id`),
  ADD CONSTRAINT `fk_articulo_categoria` FOREIGN KEY (`categoria_id`) REFERENCES `categoria_articulo` (`id`),
  ADD CONSTRAINT `fk_articulo_localizacion` FOREIGN KEY (`localizacion_id`) REFERENCES `localizacion_articulo` (`id`);

--
-- Filtros para la tabla `linea_pedidos`
--
ALTER TABLE `linea_pedidos`
  ADD CONSTRAINT `fk_linea_pedido` FOREIGN KEY (`pedido_id`) REFERENCES `pedidos` (`id`),
  ADD CONSTRAINT `fk_linea_producto` FOREIGN KEY (`producto_id`) REFERENCES `productos` (`id`);

--
-- Filtros para la tabla `pedidos`
--
ALTER TABLE `pedidos`
  ADD CONSTRAINT `fk_productos_usuarios` FOREIGN KEY (`comprador_id`) REFERENCES `usuarios` (`id`);

--
-- Filtros para la tabla `productos`
--
ALTER TABLE `productos`
  ADD CONSTRAINT `fk_producto_categoria` FOREIGN KEY (`categoria_id`) REFERENCES `categoria_producto` (`id`),
  ADD CONSTRAINT `fk_producto_vendedor` FOREIGN KEY (`vendedor_id`) REFERENCES `usuarios` (`id`);
COMMIT;

/*!40101 SET CHARACTER_SET_CLIENT=@OLD_CHARACTER_SET_CLIENT */;
/*!40101 SET CHARACTER_SET_RESULTS=@OLD_CHARACTER_SET_RESULTS */;
/*!40101 SET COLLATION_CONNECTION=@OLD_COLLATION_CONNECTION */;
